,Address,Amenities,description,price
0,"Lovojo Estate Lekki Schemes 2, Ajah",4 4,4 Units Of 4 Bedroom Terraces Smart House,"N45,000,000"
1,"Ogombo Road; Opposite Urban Prime Three, Abraham Adesanya, Ajah",3 3,Classic 3 Bedroom Terrace House,"N55,000,000"
2,"Ajiwe Bus Stop, By Abraham Adesanya Roundabout, Lekki-Epe Expressway, Ajah",2 2,Lovely 2 & 3 Terrace Duplex With Bq,"N38,000,000"
3,"Lavadia Series 2, Ogombo, Ajah",3 3,3 Bedroom Terrace + Standard Bq,"N65,000,000"
4,"Banana Island, Ikoyi, Banana Island, Ikoyi",7 7 320 m² 600 m²,Luxuriously Built Waterfront Detached Home For Sale,"N850,000,000"
5,"Off Bourdilion, Ikoyi","4 4 500 m² 1,200 m²",4 Bedroom Terraced Townhouse Duplex,"N240,000,000"
6,"Banana Island Estate, Banana Island, Ikoyi","7 8 8 1,240 m²",Direct & Serious Buyers Only! Prince Ademola Osinuga Best Newly Custom Built Automated Mansion In Banana Island @$5.5M,"N2,500,000,000"
7,"By Gerrard Ikoyi Lagos , Ikoyi",6 6 600 m² 600 m²,Super Lexury 6Bedroom Detached Duplex With Swimming Pool,"N580,000,000"
8,"Banana Island, Ikoyi",6 6 1 m² 1 m²,Newly Built 6 Bedroom Detached House with An elevator,"N1,400,000,000"
9,"Banana Island, Ikoyi",5 5,Super Luxury 5 Bedroom detached house with BQ,"N520,000,000"
10,"Osborne Ikoyi, Ikoyi",4 4 1 m² 1 m²,Spacious 4 Bedroom Terraced Duplex,"N160,000,000"
11,"Banana Island, Ikoyi",3 4,32 numbers of 3 bedroom flats with 1 room boys quarters.,"N170,000,000"
12,"Banana Island Estate, Banana Island, Ikoyi",5 5,Direct Buyers Only - Fresh Newly Built 5 Bedroom Detached House +Elevator Etc In A Mini Estate Within Banana Island,"N550,000,000"
13,"Central Ikoyi, Ikoyi",5 5 2,Direct Cash Ready Buyers Only - Newly Built 5 Bedroom Maisonette On 2 Floors @N600m,"N600,000,000"
14,"Oniru Victoria Island Lagos, Oniru, Victoria Island",5 5,Massive 5bedroom detached house with a room bq for sale,"N235,000,000"
15,"Chevron Drive, Lekki",5 6 650 m²,5 Bedroom Fully Detached Duplex in Chevron,"N75,000,000"
16,"Berra Estate, Chevron Drive, Lekki",5 5 3 400 m²,Fabulous 5 bedroom detached duplex,"N135,000,000"
17,"Chevron Tollgate, Chevron Drive, Lekki",5 5,Massive 5 Bedroom Detached Duplex,"N70,000,000"
18,"Lekki Scheme 2, Ajah, Lekki Phase 2, Lekki",6 7 200 m² 500 m²,Magnificently Newly Completed Five Bedroom Detached Duplex With A Room Bq And Gate House,"N55,000,000"
19,"Orchid Hotel Road, Chevron Drive, Lekki",4 4,Brand New 4 Bedroom Terrace House,"N50,000,000"
20,"Lekki, Ikota, Lekki",4 4,4 Bedroom Terrace Duplex,"N47,000,000"
21,"Pinnock, Osapa, Osapa, Lekki",5 5,Fabulous 5 Bedroom Detached Duplex With Bq,"N300,000,000"
22,"Lekki Phase 1, Lekki",4 4,Luxury 4 Bedroom Semi Detached Duplex With Bq,"N250,000,000"
23,"Ikota, Lekki",4 4,Spacious 4 Bedroom Semi Detached Duplex With Bq,"N75,000,000"
24,"Kusenla, Ikate Elegushi, Lekki",4 5 200 m² 250 m²,4 bedroom detached duplex with pent area and BQ,"N135,000,000"
25,"Royal Garden Estate, Lekki Expressway, Lekki",5 6 500 m² 750 m²,Immaculate 5 Bedroom Pool House,"N140,000,000"
26,"Idado Lekki Estate Before Chevron Headoffice, Idado, Lekki",5 5,Spacious 5 Bedroom Terrace Houses With Bq,"N70,000,000"
27,Ajah,3 4,Newly built 3 bedroom Terraced duplex with 24 hours power supply,"N45,000,000"
28,"Idado, Lekki",5 5,Luxury 5 Bedroom Detached Duplex For Sale In Idado,"N130,000,000"
29,"Thomas Estate, Ajah",4 4,4 Bedroom Detached Duplex + 1 BQ,"N65,000,000"
30,"Thomas Estate, Ajah",4 3,4 Bedroom Detached Duplex,"N65,000,000"
31,"Thomas Estate, Ajah",5 5,5 Bedroom Detached Duplex,"N65,000,000"
32,"Thomas Estate, Ajah",4 4,4 Bedroom Detached Duplex with a BQ,"N65,000,000"
33,"Thomas Estate, Ajah",3 2,Newly Built 3 Bedroom Bungalow with BQ,"N44,000,000"
34,"Palace Road, Oniru, Victoria Island",4 4,10 Units Of Luxury 4Bedroom Fully Detached Duplexes,"N175,000,000"
35,"Lekky County , Lekki Expressway, Lekki",5 6,Beautiful Fully Detached Duplex,"N90,000,000"
36,"Ikate , Ikate Elegushi, Lekki",5 5,5 bedroom detached duplex with BQ,"N180,000,000"
37,"Ikate, Ikate Elegushi, Lekki",5 5,Humongous 5 Bedroom Fully Detached Duplex With Bq,"N180,000,000"
38,"Ikate, Ikate Elegushi, Lekki",4 4,Humongous 4 Bedroom Fully Detached Duplex With A Domestic Room,"N125,000,000"
39,"Lekki Phase 1, Lekki",5 5,Super 5 Bedroom Detached Duplex,"N275,000,000"
40,"Banana Island, Ikoyi",4 4,Fully Furnished 4 Bedroom Terrace With A Room BQ For Sale In Banana island,"N260,000,000"
41,"Ikate , Ikate Elegushi, Lekki",5 5,5 bedroom semi-detached duplex,"N78,000,000"
42,Ajah,5 5,Fabulous 5 Bedroom Detached Duplex,"N85,000,000"
43,"Gra, Ikota, Lekki",4 5,Newly Built 4 Bedroom Detached Duplex With Bq For Sale,"N80,000,000"
44,"2Nd Toll Gate, Chevron Drive, Lekki",4 4,4 Bedroom Fully Detached Duplex With Bq,"N65,000,000"
45,"Parkview, Parkview Estate, Ikoyi",4 4 4,Direct & Cash Ready Buyers Only - Fresh Fully Detached House + Rooftop Louge + Bq Etc In Parkview @N350m Net,"N350,000,000"
46,Ikoyi,6 6,"6 Bedroom Fully Detached Duplex with Swimming Pool, Cinema, Gym, Elevator and lots more","N1,400,000,000"
47,"Coleman Nwafor Street Off Orchid Road By Lekki Tollgate, Lekki Phase 2, Lekki",4 4,A Fully Serviced 4Bedroom Terrace House With A Swimming On Coleman Nwafor Street On Orchid Road By Chevron Tollgate Lek,"N50,000,000"
48,"Chevron, Lekki Expressway, Lekki",5 5,5 Bedroom Fully Detached Duplex + Bq,"N100,000,000"
49,Ajah,4 4,4 Bedroom Detached Duplex,"N75,000,000"
50,"Royal Garden Estate, Lekki Expressway, Lekki",5 6 500 m² 750 m²,Immaculate 5 Bedroom Pool House,"N140,000,000"
51,"Idado Lekki Estate Before Chevron Headoffice, Idado, Lekki",5 5,Spacious 5 Bedroom Terrace Houses With Bq,"N70,000,000"
52,Ajah,3 4,Newly built 3 bedroom Terraced duplex with 24 hours power supply,"N45,000,000"
53,"Idado, Lekki",5 5,Luxury 5 Bedroom Detached Duplex For Sale In Idado,"N130,000,000"
54,"Thomas Estate, Ajah",4 4,4 Bedroom Detached Duplex + 1 BQ,"N65,000,000"
55,"Thomas Estate, Ajah",4 3,4 Bedroom Detached Duplex,"N65,000,000"
56,"Thomas Estate, Ajah",5 5,5 Bedroom Detached Duplex,"N65,000,000"
57,"Thomas Estate, Ajah",4 4,4 Bedroom Detached Duplex with a BQ,"N65,000,000"
58,"Thomas Estate, Ajah",3 2,Newly Built 3 Bedroom Bungalow with BQ,"N44,000,000"
59,"Palace Road, Oniru, Victoria Island",4 4,10 Units Of Luxury 4Bedroom Fully Detached Duplexes,"N175,000,000"
60,"Lekky County , Lekki Expressway, Lekki",5 6,Beautiful Fully Detached Duplex,"N90,000,000"
61,"Ikate , Ikate Elegushi, Lekki",5 5,5 bedroom detached duplex with BQ,"N180,000,000"
62,"Ikate, Ikate Elegushi, Lekki",5 5,Humongous 5 Bedroom Fully Detached Duplex With Bq,"N180,000,000"
63,"Ikate, Ikate Elegushi, Lekki",4 4,Humongous 4 Bedroom Fully Detached Duplex With A Domestic Room,"N125,000,000"
64,"Lekki Phase 1, Lekki",5 5,Super 5 Bedroom Detached Duplex,"N275,000,000"
65,"Banana Island, Ikoyi",4 4,Fully Furnished 4 Bedroom Terrace With A Room BQ For Sale In Banana island,"N260,000,000"
66,"Ikate , Ikate Elegushi, Lekki",5 5,5 bedroom semi-detached duplex,"N78,000,000"
67,Ajah,5 5,Fabulous 5 Bedroom Detached Duplex,"N85,000,000"
68,"Gra, Ikota, Lekki",4 5,Newly Built 4 Bedroom Detached Duplex With Bq For Sale,"N80,000,000"
69,"2Nd Toll Gate, Chevron Drive, Lekki",4 4,4 Bedroom Fully Detached Duplex With Bq,"N65,000,000"
70,"Parkview, Parkview Estate, Ikoyi",4 4 4,Direct & Cash Ready Buyers Only - Fresh Fully Detached House + Rooftop Louge + Bq Etc In Parkview @N350m Net,"N350,000,000"
71,Ikoyi,6 6,"6 Bedroom Fully Detached Duplex with Swimming Pool, Cinema, Gym, Elevator and lots more","N1,400,000,000"
72,"Coleman Nwafor Street Off Orchid Road By Lekki Tollgate, Lekki Phase 2, Lekki",4 4,A Fully Serviced 4Bedroom Terrace House With A Swimming On Coleman Nwafor Street On Orchid Road By Chevron Tollgate Lek,"N50,000,000"
73,"Chevron, Lekki Expressway, Lekki",5 5,5 Bedroom Fully Detached Duplex + Bq,"N100,000,000"
74,Ajah,4 4,4 Bedroom Detached Duplex,"N75,000,000"
75,"Royal Garden Estate, Lekki Expressway, Lekki",5 6 500 m² 750 m²,Immaculate 5 Bedroom Pool House,"N140,000,000"
76,"Idado Lekki Estate Before Chevron Headoffice, Idado, Lekki",5 5,Spacious 5 Bedroom Terrace Houses With Bq,"N70,000,000"
77,Ajah,3 4,Newly built 3 bedroom Terraced duplex with 24 hours power supply,"N45,000,000"
78,"Idado, Lekki",5 5,Luxury 5 Bedroom Detached Duplex For Sale In Idado,"N130,000,000"
79,"Thomas Estate, Ajah",4 4,4 Bedroom Detached Duplex + 1 BQ,"N65,000,000"
80,"Thomas Estate, Ajah",4 3,4 Bedroom Detached Duplex,"N65,000,000"
81,"Thomas Estate, Ajah",5 5,5 Bedroom Detached Duplex,"N65,000,000"
82,"Thomas Estate, Ajah",4 4,4 Bedroom Detached Duplex with a BQ,"N65,000,000"
83,"Thomas Estate, Ajah",3 2,Newly Built 3 Bedroom Bungalow with BQ,"N44,000,000"
84,"Palace Road, Oniru, Victoria Island",4 4,10 Units Of Luxury 4Bedroom Fully Detached Duplexes,"N175,000,000"
85,"Lekky County , Lekki Expressway, Lekki",5 6,Beautiful Fully Detached Duplex,"N90,000,000"
86,"Ikate , Ikate Elegushi, Lekki",5 5,5 bedroom detached duplex with BQ,"N180,000,000"
87,"Ikate, Ikate Elegushi, Lekki",5 5,Humongous 5 Bedroom Fully Detached Duplex With Bq,"N180,000,000"
88,"Ikate, Ikate Elegushi, Lekki",4 4,Humongous 4 Bedroom Fully Detached Duplex With A Domestic Room,"N125,000,000"
89,"Lekki Phase 1, Lekki",5 5,Super 5 Bedroom Detached Duplex,"N275,000,000"
90,"Banana Island, Ikoyi",4 4,Fully Furnished 4 Bedroom Terrace With A Room BQ For Sale In Banana island,"N260,000,000"
91,"Ikate , Ikate Elegushi, Lekki",5 5,5 bedroom semi-detached duplex,"N78,000,000"
92,Ajah,5 5,Fabulous 5 Bedroom Detached Duplex,"N85,000,000"
93,"Gra, Ikota, Lekki",4 5,Newly Built 4 Bedroom Detached Duplex With Bq For Sale,"N80,000,000"
94,"2Nd Toll Gate, Chevron Drive, Lekki",4 4,4 Bedroom Fully Detached Duplex With Bq,"N65,000,000"
95,"Parkview, Parkview Estate, Ikoyi",4 4 4,Direct & Cash Ready Buyers Only - Fresh Fully Detached House + Rooftop Louge + Bq Etc In Parkview @N350m Net,"N350,000,000"
96,Ikoyi,6 6,"6 Bedroom Fully Detached Duplex with Swimming Pool, Cinema, Gym, Elevator and lots more","N1,400,000,000"
97,"Coleman Nwafor Street Off Orchid Road By Lekki Tollgate, Lekki Phase 2, Lekki",4 4,A Fully Serviced 4Bedroom Terrace House With A Swimming On Coleman Nwafor Street On Orchid Road By Chevron Tollgate Lek,"N50,000,000"
98,"Chevron, Lekki Expressway, Lekki",5 5,5 Bedroom Fully Detached Duplex + Bq,"N100,000,000"
99,Ajah,4 4,4 Bedroom Detached Duplex,"N75,000,000"
100,"Royal Garden Estate, Lekki Expressway, Lekki",5 6 500 m² 750 m²,Immaculate 5 Bedroom Pool House,"N140,000,000"
101,"Idado Lekki Estate Before Chevron Headoffice, Idado, Lekki",5 5,Spacious 5 Bedroom Terrace Houses With Bq,"N70,000,000"
102,Ajah,3 4,Newly built 3 bedroom Terraced duplex with 24 hours power supply,"N45,000,000"
103,"Idado, Lekki",5 5,Luxury 5 Bedroom Detached Duplex For Sale In Idado,"N130,000,000"
104,"Thomas Estate, Ajah",4 4,4 Bedroom Detached Duplex + 1 BQ,"N65,000,000"
105,"Thomas Estate, Ajah",4 3,4 Bedroom Detached Duplex,"N65,000,000"
106,"Thomas Estate, Ajah",5 5,5 Bedroom Detached Duplex,"N65,000,000"
107,"Thomas Estate, Ajah",4 4,4 Bedroom Detached Duplex with a BQ,"N65,000,000"
108,"Thomas Estate, Ajah",3 2,Newly Built 3 Bedroom Bungalow with BQ,"N44,000,000"
109,"Palace Road, Oniru, Victoria Island",4 4,10 Units Of Luxury 4Bedroom Fully Detached Duplexes,"N175,000,000"
110,"Lekky County , Lekki Expressway, Lekki",5 6,Beautiful Fully Detached Duplex,"N90,000,000"
111,"Ikate , Ikate Elegushi, Lekki",5 5,5 bedroom detached duplex with BQ,"N180,000,000"
112,"Ikate, Ikate Elegushi, Lekki",5 5,Humongous 5 Bedroom Fully Detached Duplex With Bq,"N180,000,000"
113,"Ikate, Ikate Elegushi, Lekki",4 4,Humongous 4 Bedroom Fully Detached Duplex With A Domestic Room,"N125,000,000"
114,"Lekki Phase 1, Lekki",5 5,Super 5 Bedroom Detached Duplex,"N275,000,000"
115,"Banana Island, Ikoyi",4 4,Fully Furnished 4 Bedroom Terrace With A Room BQ For Sale In Banana island,"N260,000,000"
116,"Ikate , Ikate Elegushi, Lekki",5 5,5 bedroom semi-detached duplex,"N78,000,000"
117,Ajah,5 5,Fabulous 5 Bedroom Detached Duplex,"N85,000,000"
118,"Gra, Ikota, Lekki",4 5,Newly Built 4 Bedroom Detached Duplex With Bq For Sale,"N80,000,000"
119,"2Nd Toll Gate, Chevron Drive, Lekki",4 4,4 Bedroom Fully Detached Duplex With Bq,"N65,000,000"
120,"Parkview, Parkview Estate, Ikoyi",4 4 4,Direct & Cash Ready Buyers Only - Fresh Fully Detached House + Rooftop Louge + Bq Etc In Parkview @N350m Net,"N350,000,000"
121,"Off Freedom Way, Lekki 1, Lekki Phase 1, Lekki",4 4,Units of 4 Bedroom Terrace Duplexes,"N120,000,000"
122,"Chevron, Lekki Expressway, Lekki",5 5,5 Bedroom Fully Detached Duplex + Bq,"N100,000,000"
123,Ajah,4 4,4 Bedroom Detached Duplex,"N75,000,000"
124,Ikoyi,6 6,"6 Bedroom Fully Detached Duplex with Swimming Pool, Cinema, Gym, Elevator and lots more","N1,400,000,000"
125,"Gra, Ikota, Lekki",4 5,Newly Built 4 Bedroom Detached Duplex With Bq For Sale,"N80,000,000"
126,"2Nd Toll Gate, Chevron Drive, Lekki",4 4,4 Bedroom Fully Detached Duplex With Bq,"N65,000,000"
127,"Parkview, Parkview Estate, Ikoyi",4 4 4,Direct & Cash Ready Buyers Only - Fresh Fully Detached House + Rooftop Louge + Bq Etc In Parkview @N350m Net,"N350,000,000"
128,"Off Freedom Way, Lekki 1, Lekki Phase 1, Lekki",4 4,Units of 4 Bedroom Terrace Duplexes,"N120,000,000"
129,Ikoyi,6 6,"6 Bedroom Fully Detached Duplex with Swimming Pool, Cinema, Gym, Elevator and lots more","N1,400,000,000"
130,Ajah,4 4,4 Bedroom Detached Duplex,"N75,000,000"
131,"Chevron, Lekki Expressway, Lekki",5 5,5 Bedroom Fully Detached Duplex + Bq,"N100,000,000"
132,"Coleman Nwafor Street Off Orchid Road By Lekki Tollgate, Lekki Phase 2, Lekki",4 4,A Fully Serviced 4Bedroom Terrace House With A Swimming On Coleman Nwafor Street On Orchid Road By Chevron Tollgate Lek,"N50,000,000"
133,"Ajah Thomas Estate, Ajah, Thomas Estate, Ajah",3 3,SALES: Lovely 3bedroom bungalow with bq At Thomas Estate Ajah,"N44,000,000"
134,"Old Ikoyi, Ikoyi",4 4,Luxury 4 bedroom mansionette in a beautiful location,"N310,000,000"
135,"Magodo Phase 2 Shangisha Lagos, Magodo Shangisha, Ketu",3 3,Newly built Contemporary 3Bedroom Terrace Duplex with BQ. In a mini estate at Magodo Phase 2 Shangisha,"N85,000,000"
136,"Osapa London, Osapa, Lekki",4 4 2,Newly Built 4 Bedroom Terraced,"N60,000,000"
137,"Parkview, Parkview Estate, Ikoyi",4 4 3,Direct Cash Ready Buyers Only - Great Deal! 4 Bedroom Semi Detached House In Parkview @N230m,"N230,000,000"
138,"Ikoyi, Parkview Estate, Ikoyi",4 4 1 m² 378 m²,Spacious 4 Bedroom Detached House,"N370,000,000"
139,"Oniru, Victoria Island",4 5,Newly built state of the art 4 bedroom terrace duplex,"N120,000,000"
140,"Central Ikoyi, Ikoyi",3 3 4,Direct Cash Ready Clients Only - 3 Bedroom Semi Detached Terrace House + 2 Bq +,"N9,500,000"
141,"Ologolo, Lekki",4 4,Affordable 4 bedroom terrace duplex in a strategic location,"N55,000,000"
142,"Near Vgc, Lekki Phase 2, Lekki",4 4 450 m² 600 m²,A classic super luxury 4 bedroom semi-detached duplex with BQ for sale,"N78,000,000"
143,"2Nd Toll Gate, Lekki Phase 2, Lekki",4 4 450 m² 600 m²,Top notched finishing luxury 4 bedroom semi-detached duplex with BQ,"N57,000,000"
144,"Osapa, Lekki",4 4,4 Bedroom Terrace House,"N68,000,000"
145,"Idado, Lekki",3 2,Newly Built and Spacious 3 Bedroom,"N60,000,000"
146,"Osapa, Lekki",5 5,Brand New 5 Bedroom Fully Detached Duplex For Sale In Osapa,"N450,000,000"
147,"Off Awolowo Avenue, Awolowo Road, Ikoyi",10 5 500 m²,3 Storey Building Commercial Property,"N290,000,000"
148,"Lekki Phase1, Lekki Phase 1, Lekki",5 5,"FOR SALE: 5 BEDROOM FULLY DETACHED DUPLEX WITH SWIMMING POOL AND CINEMA At Lekki Phase 1, Lagos","N270,000,000"
149,"Chevron, Chevron Drive, Lekki",4 4,4Bedroom Fully Detatched House + Bq,"N80,000,000"
150,"Elegunshi, Ikate Elegushi, Lekki",4 4,Luxury 4Bedroom Semi-Detached House With BQ,"N65,000,000"
151,"Orchid Road, Lafiaji, Lekki",5 6,5 Bedroom Duplex with Swimming Pool in a Secured Estate,"N140,000,000"
152,"Banana Island, Ikoyi",4 5,"Lovely 4 Bedroom Terrace with a Room Bq, Gym,Swimming Pool.","N680,000,000"
153,"Lekki, Ikota, Lekki",5 5,5 Bedroom Fully Detached Duplex with Swimming Pool and BQ,"N190,000,000"
154,"Skyeview Housing Scheme Adjacent Novare Mall Sangotedo Eti Osa, Lagos State., Lekki Expressway, Lekki",3 5,3 bedroom Maisonette + BQ - Peridot Heights by Gracias,"N34,900,000"
155,"Ilaso, Lekki Expressway, Lekki",4 4,Humongous 4 Bedroom Terrace Duplex With Bq,"N170,000,000"
156,"Thomas Estate, Ajah",4 4,4 Bedroom Semi-detached Duplex,"N50,000,000"
157,"Westend Estate , Ikota, Lekki",4 4,4 bedroom detached duplex with BQ,"N80,000,000"
158,"Westend Estate , Ikota, Lekki",4 4,4 bedroom detached duplex with a room BQ,"N80,000,000"
159,"Ikota, Lekki",5 5,5 bedroom fully detached duplex with a room BQ,"N95,000,000"
160,"Megamound Estate , Ikota, Lekki",5 5,5 bedroom fully detached duplex with a room BQ,"N135,000,000"
161,"Megamound, Ikota, Lekki",5 5,5 bedroom fully detached duplex with a room bq and pool,"N170,000,000"
162,"Westend Estate , Ikota, Lekki",4 4,4 bedroom detached duplex with BQ,"N80,000,000"
163,"Westend Estate , Ikota, Lekki",4 4,4 bedroom detached duplex with a room BQ,"N80,000,000"
164,"Megamound , Ikota, Lekki",5 5 5,5 bedroom fully detached duplex with a room bq 115m Megemound,"N115,000,000"
165,"Megamound , Ikota, Lekki",5 5 5,"5 bedroom fully detached duplex with a room bq and pool,box 170m megamound","N170,000,000"
166,"Ikota Villa, Ikota, Lekki",4 4,4 Bedroom Detached Duplex,"N90,000,000"
167,"Ikota Villa, Ikota, Lekki",5 5,5 Bedroom Detached Duplex,"N95,000,000"
168,"Ikota G.R.A, Ikota, Lekki",4 4,4 Bedroom Detached Duplex With Bq,"N76,000,000"
169,"Megamound , Ikota, Lekki",5 5 5,5 bedroom fully detached duplex with a room bq 135m megamound,"N130,000,000"
170,"Ikota, Lekki",4 5,Beautiful 4 Bedroom Detached Duplex in a Secure Estate,"N95,000,000"
171,"Ikota, Lekki",5 5 5,5 bedroom fully detached duplex with a room bq 95m ikota,"N95,000,000"
172,"Westend Estate , Ikota, Lekki",4 4,4 bedroom detached duplex with BQ,"N90,000,000"
173,"Westend Estate , Ikota, Lekki",4 4,4 bedroom fully-detached duplex with BQ,"N90,000,000"
174,"Westend Estate , Ikota, Lekki",5 5,5 bedroom fully-detached duplex with a room BQ,"N100,000,000"
175,"Lekki, Ikota, Lekki",5 5,5 Bedroom Fully Detached Duplex with BQ,"N130,000,000"
176,"Westend , Ikota, Lekki",4 4 3,Luxury 4 bedroom fully detached duplex,"N90,000,000"
177,"Megamound Estate, Ikota, Lekki",4 4,Luxury 4 Bedroom Detached Duplex With A Room BQ For Sale In Megamound,"N85,000,000"
178,"Ikota, Lekki",4 4,A beautiful 4 bedroom semi detached duplex,"N75,000,000"
179,"Westend Estate , Ikota, Lekki",5 5 5,5 bedroom fully detached duplex with a room bq 100m WESTEND estate,"N100,000,000"
180,"Ikota, Lekki",4 4,4 Bedroom Semi Detached With Bq,"N50,000,000"
181,"Westend , Ikota, Lekki",4 4 4,4 bedroom fully detached duplex with a room bq 90m WESTEND estate ??,"N90,000,000"
182,"Westend , Ikota, Lekki",4 4 4,Luxury 4 bedroom fully detached duplex with bq,"N80,000,000"
183,"Westend Estate , Ikota, Lekki",5 5,5 bedroom detached duplex with BQ,"N100,000,000"
184,"Thomas Estate, Ikota, Lekki",4 4,4 Bedroom Semi-detached Duplex,"N50,000,000"
185,"Ikota, Lekki",4 4,Spacious 4 Bedroom Semi Detached Duplex,"N68,000,000"
186,"Ikota, Lekki",4 4,Exquisite 4 Bedroom semi detached duplex,"N73,000,000"
187,"Ivy Homes By Ikota Villa Estate , Ikota, Lekki",4 4,Newly Built 4 Bedroom Duplex With Driveway And BQ,"N72,000,000"
188,"Ivy Homes By Ikota Villa Estate Lekki, Ikota, Lekki",4 4,Newly Built 4 Bedroom Duplex With Driveway And BQ,"N72,000,000"
189,"Ikota Gra, Ikota, Lekki",4 5,4 bedroom semi detached for sale,"N75,000,000"
190,"Ikota, Lekki",4 4 4,Luxury 4 bedroom semi detached duplex with bq,"N75,000,000"
191,"Ikota, Lekki",4 4,4 Bedroom Semi Detached Duplex With Bq,"N75,000,000"
192,"Megemound, Ikota, Lekki",5 5,Classic 5 Bedroom Fully Detached Duplex With Bq,"N115,000,000"
193,"Megamound Estate, Ikota, Lekki",5 5,Luxury 5 Bedroom Fully Detached Duplex With Excellent Facilities For Sale Megamound,"N200,000,000"
194,"Oral Estate , Ikota, Lekki",5 5 4,Luxury 5 bedroom fully detached duplex with bq,"N98,000,000"
195,"Ivy Homes Estate By Ikota Villa Estate Before Vgc, Ikota, Lekki",5 5,Well Finished 5 Bedroom Detached Duplex With Bq,"N97,000,000"
196,"Ikota, Lekki",5 5,5 bedroom detached duplex with BQ,"N95,000,000"
197,"Megamound , Ikota, Lekki",5 5 6,"5 bedroom fully detached duplex with a room bq,pool,box,penthouse 190m mega mound","N190,000,000"
198,"Ikota, Lekki",4 4 4,4 bedroom semi detached duplex with a room bq 75m ikota,"N75,000,000"
199,"Ikota, Lekki",5 5 4,Luxury 5 bedroom fully detached duplex with bq,"N95,000,000"
200,"Ikota, Lekki",4 4 3,4 bedroom semi detached duplex with a room bq 4.5m ikota,"N4,500,000"
201,"Orchid , Ikota, Lekki",4 4 4,4 bedroom semi detached duplex 68m orchid,"N68,000,000"
202,"Ikota, Lekki",5 5,An impeccable 5 bedroom fully detached duplex,"N95,000,000"
203,"Ikota, Lekki",4 5,State of the art 4 bedroom detached duplex in a secure estate,"N75,000,000"
204,"Megamound , Ikota, Lekki",5 5 5,"5 bedroom fully detached duplex with a room bq,ante room,pool, 160m Megemound","N160,000,000"
205,"Orchid , Ikota, Lekki",4 4 4,Luxury 4 bedroom semi detached duplex,"N68,000,000"
206,"Westend Estate , Ikota, Lekki",4 4 4,4 bedroom fully detached duplex with a room bq WESTEND estate 80m,"N80,000,000"
207,"Westend , Ikota, Lekki",5 5 4,Luxury 5 bedroom fully detached duplex with bq,"N100,000,000"
208,"Ikota Villa Estate Before Vgc, Ikota, Lekki",4 4,New Built 4 Bedroom Semi Detached Duplex,"N75,000,000"
209,"Ikota, Lekki",4 4,4 bedroom semi-detached duplex with a room BQ,"N75,000,000"
210,"Megamound Estate , Ikota, Lekki",5 5,"5 bedroom detached duplex with BQ, pool and box room","N170,000,000"
211,"Oral Estate , Ikota, Lekki",5 5 5,5 bedroom fully detached duplex with a room bq for sale in oral estate lekki Lagos 98m,"N98,000,000"
212,"Megamound Estate , Ikota, Lekki",5 5,"5 bedroom semi-detached duplex with BQ, ante room and pool","N160,000,000"
213,"Megamound Estate , Ikota, Lekki",5 5,"5 bedroom detached duplex with BQ, box room and pool","N170,000,000"
214,"Ikota, Lekki",5 5,5 bedroom detached duplex with a room BQ,"N95,000,000"
215,"Ikota, Lekki",4 4,4 bedroom semi-detached duplex with BQ,"N75,000,000"
216,"Ologolo, Lekki",4 4,Spacious 4 Bedroom semi detached duplex,"N75,000,000"
217,"Omole Phase 2 Extension , Omole, Ikeja",4 4,4 Bedroom Semi Detached Duplex with bq Available For Sale,"N53,000,000"
218,Ikoyi,5 5,5 Bedroom Semi-Detached Duplex With An En-Suite Basement And A Room Bq,"N320,000,000"
219,"Ikota Villa Estate By Mega Chicken Before Vgc, Ikota, Lekki",4 4,Newly Built 4 Bedroom Terrace Houses,"N55,000,000"
220,"Orchid , Ikota, Lekki",4 4 4,Luxury 4 bedroom terrace duplex,"N55,000,000"
221,"Ologolo, Lekki",4 4 4,4 bedroom semi detached duplex with a room bq for sale price:58m location:ologolo,"N58,000,000"
222,"Aladura Estate Anthony Village, Anthony, Ikorodu Road",5 5,5 Bedroom semi detached duplex with a standard BQ,"N80,000,000"
223,"Lekki , Ologolo, Lekki",4 4 4,Luxury 4 bedroom semi detached duplex with bq,"N58,000,000"
224,"Ilaso, Lekki Expressway, Lekki",4 4,Humongous 4 Bedroom Terrace Duplex With Bq,"N60,000,000"
225,"Osapa, Lekki",5 5,Humongous 5 Bedroom Fully Detached Duplex with Bq,"N140,000,000"
226,"Idado Estate, Idado, Lekki",5 5,Spacious 5 Bedroom Terrace Duplex,"N65,000,000"
227,"Lekki, Lekki Phase 1, Lekki",5 5,Units Of 5 Bedroom Semi Detached Duplexes At A Series,"N300,000,000"
228,"Off Bourdillion Road, Ikoyi",5 5,Super Luxury 4 Bedroom Terrace Duplex with bq,"N240,000,000"
229,"Ologolo, Lekki",4 4,Brand New 4 Bedroom Semi-detached House For Sale In Ologolo,"N75,000,000"
230,"Southernview Estate Lekki, Chevron Drive, Lekki",4 4,4Bedroom Semi Detached House In Southern Estate By Chevron Head Office Lekki,"N62,000,000"
231,"Chevron Alternative , Chevron Drive, Lekki",5 5,5 bedroom detached duplex with BQ,"N102,000,000"
232,"Chevron Alternative , Chevron Drive, Lekki",5 5,5 bedroom detached duplex with BQ,"N102,000,000"
233,"Chevy View Estate , Chevron Drive, Lekki",5 5,5 bedroom detached duplex with BQ,"N115,000,000"
234,"Vgc, Victoria Garden City, Lekki",4 4,4 Bedroom Terrace Duplex,"N45,000,000"
235,Victoria Island,4 4,4 Bedroom Terrace Duplex with bq,"N180,000,000"
236,"Chevy View Estate , Chevron Drive, Lekki",5 5,5 bedroom detached duplex with BQ,"N115,000,000"
237,"Westend Estate, Agungi, Lekki",4 4,A luxurious 4 bedroom fully detached duplex for sale!!!,"N90,000,000"
238,"Westend Estate, Agungi, Lekki",5 5,Luxurious 5 bedroom fully detached duplex for sale!!!,"N100,000,000"
239,"Agungi, Lekki",5 5,Luxury 5 bedroom detached duplex in an estate,"N140,000,000"
240,"Orchid Road, Lekki Lagos, Ikota, Lekki",4 5,Luxury fully completed 4 bedroom terraces,"N57,000,000"
241,"Abraham Adesanya By Atlantic Layout Estate, Abraham Adesanya, Ajah",4 6 4,4 Bedroom Fully Detached with Penthouse and BQ @ Abraham Adesanya,"N70,000,000"
242,"Ologolo, Lekki",4 4,Lovely 4 bedrooms terrace duplex with a room bq,"N60,000,000"
243,"Agungi, Lekki",4 3,Tastefully Finished 4 Bedroom Semi-detached Duplex,"N75,000,000"
244,"Lekki, Osapa, Lekki",5 5,"5 Bedroom Fully Detached Luxury Duplex with Cinema, Swimming Pool, Gym & BQ","N400,000,000"
245,Ikoyi,5 5,Luxury 5Bedrooms Detached Villa,"N1,100,000,000"
246,"Magodo Phase 2 Shangisha, Magodo Shangisha, Ketu",3 3,Newly built 3Bedroom Terrace Duplex with BQ,"N85,000,000"
247,"Chevy View Estate, Chevron Drive, Lekki",4 3,4 Bedroom Semi Detached Duplex,"N85,000,000"
248,"Agungi, Lekki",4 4,Affordable 4 bedroom semi-detached duplex in a strategic location,"N75,000,000"
249,"Megamound, Ibeju Lekki, Ajah",5 5,A beautiful and luxurious 5 bedroom detached duplex,"N115,000,000"
250,"Megamound, Ibeju Lekki, Ajah",5 5,A luxurious 5 bedroom detached duplex,"N170,000,000"
251,"Aguda Titun Opp Excellence Hotel , Aguda , Surulere",4 4,Brand New 4 Bedroom Semi Detached Duplex,"N65,000,000"
252,"Orchid , Ikota, Lekki",4 4 4,4 bedroom terraced duplex 55m orchid,"N55,000,000"
253,"Agungi, Lekki",4 4 4,Luxury 4 bedroom semi detached duplex with bq,"N80,000,000"
254,"Chevron Toll Gate, Chevron Drive, Lekki",4 4,Super Spacious And Beautiful 4 Bedroom Semi Detached Duplex,"N65,000,000"
255,"2Nd Toll Gate, Chevron Drive, Lekki",4 4,Fully Detached 4 Bedroom Duplex House With A Bq,"N90,000,000"
256,"Chevy View Estate, Chevron Drive, Lekki",5 5,5 Bedroom Detached Duplex,"N110,000,000"
257,"Chevron Toll Gate, Chevron Drive, Lekki",4 4,Luxury Duplexes With Bq For Sale In A Mini Estate,"N80,000,000"
258,"Off Chevron Alternative Route, Chevron Drive, Lekki",4 4,Brand new and tastefully finished 4 Bedroom Fully Detached Duplex with Bq,"N80,000,000"
259,"Chevron, Chevron Drive, Lekki",4 4,4 Bedroom Semi Detached Duplex With Bq,"N72,000,000"
260,"Chevy View Estate, Chevron Drive, Lekki",5 5,5 Bedroom Fully Detached Duplex with BQ,"N7,000,000"
261,"Chevron Alternative , Chevron Drive, Lekki",4 4,4 bedroom semi-detached duplex with BQ,"N75,000,000"
262,"Chevron , Chevron Drive, Lekki",5 5,5 Bedroom semi detached for sale,"N75,000,000"
263,"Chevy View Estate, Chevron Drive, Lekki",5 4,Beautifully built 5bed detached duplex with fitted kitchen,"N110,000,000"
264,"Chevy View Estate, Chevron Drive, Lekki",5 5,Lovely 5 bedrooms detached duplex with a room bq,"N110,000,000"
265,"Chevron Alternative , Chevron Drive, Lekki",4 4,4 bedroom semi-detached duplex with a room BQ,"N75,000,000"
266,"Victory Estate, Ajah",4 4,Brand New Lovely 4 Bedroom Semi Detached Duplex,"N45,000,000"
267,"Second Toll Gate, Chevron Drive, Lekki",4 4,Stunning 4 Bedroom semi detached duplex,"N73,000,000"
268,"Chevron, Chevron Drive, Lekki",5 5,5 Bedroom Fully Detached Multi-Purpose Luxury Duplex With Bq,"N70,000,000"
269,"Chevy View Estate, Chevron Drive, Lekki",5 5,5 Bedroom Detached Duplex,"N120,000,000"
270,"Chevron, Chevron Drive, Lekki",4 4,4 Bedroom Semi Detached Duplex,"N75,000,000"
271,"Second Toll Gate, Chevron Drive, Lekki",4 4,Spacious 4 Bedroom Fully Detachec Duplex,"N75,000,000"
272,"Megamond, Ibeju Lekki, Ajah",5 5,5 -Bedroom Detached Duplex With A Bq,"N135,000,000"
273,"Chevron, Chevron Drive, Lekki",5 5,Beautiful 5 Bedroom Fully Detached Duplex,"N120,000,000"
274,"Chevy View Estate, Chevron Drive, Lekki",4 2,4 Bedroom Detached Duplex,"N175,000,000"
275,"Chevy View Estate, Chevron Drive, Lekki","16 15 1,000 m²",4 Units Of 3 Bed Apartments On 1000 Square Meter Of Land,"N250,000,000"
276,"Off Adeniyi Jones, Ikeja , Ikeja",5 5,New And Beautiful 5 Bedroom Semi Detached Duplex With Bq,"N110,000,000"
277,"Chevron , Chevron Drive, Lekki",4 4,Marvelous June 4 bedroom semi detached duplex,"N75,000,000"
278,"Kusenla, Ikate Elegushi, Lekki",4 5 200 m² 220 m²,Luxury 4 bedroom semi detached duplex,"N85,000,000"
279,"Ajah Lagos, Ajah",4 5,Luxury 4 bedroom terrace,"N39,000,000"
280,"2Nd Toll Gate, Chevron Drive, Lekki",5 5,Exquisitely Finished 5 Bedroom Fully Detached Duplex Swimming Pool,"N130,000,000"
281,"Chevron, Chevron Drive, Lekki",5 6,Tastefully Finished 5br Detached House with a Bq. Waterfront,"N120,000,000"
282,"Omole Phase 2 Ikeja , Omole, Ikeja",5 6,Massive 5 Bedroom fully detached duplex in omole phase 2 ikeja,"N150,000,000"
283,"Osapa, Lekki",5 5,Exquisitely 5 Bedroom Fully Detached Duplex with Bq,"N160,000,000"
284,"Ajah Lekki, Thomas Estate, Ajah",4 4,Spaciously built Brand New Spacious 4 Bedroom Fully Detached Duplex For Sale Ajah Lagos,"N75,000,000"
285,"Chevron Drive, Lekki",4 4,4 Bedroom Terrace Duplex,"N55,000,000"
286,"Behind Chevron Head Office Lekki, Chevron Drive, Lekki",5 5,Massive 5 Bedroom Detached Duplex With Lagoon View,"N120,000,000"
287,"Lekki, Lafiaji, Lekki",4 4,4 Bedroom Semi Detached Duplex with BQ,"N75,000,000"
288,"Chevron Drive, Lekki",5 5,Beautifully built 5 bedroom detached duplex with fitted kitchen,"N80,000,000"
289,"Chevron Alternative Route, Chevron Drive, Lekki",4 4,Lagoon view 4 bedroom detached duplex with long driveway,"N85,000,000"
290,"Osapa, Lekki",5 5,Humongous 5 Bedroom Fully Detached Duplex with Bq,"N120,000,000"
291,"Ikota Gra, Ikota, Lekki",4 4,4 Bedroom Fully detached Duplex +Bq in Ikota GRA Lekki,"N75,000,000"
292,"Nicon Town, Ikate Elegushi, Lekki",5 5,5 Bedroom Detached House With 2 Room Bq,"N350,000,000"
293,"Chevron Alternative, Chevron Drive, Lekki",5 5,5 Bedroom Fully Detached Duplex With BQ,"N100,000,000"
294,"Tulip Estate Chevron , Chevron Drive, Lekki",4 4,4 Bedroom Lagoon View Detached Duplex With Long Driveway,"N85,000,000"
295,"Buena Vista Estate Off Orchid Road, Chevron Drive, Lekki",4 4,Four (4) bedroom fully detached duplex with a room bq,"N75,000,000"
296,"Chevron Drive, Lekki",5 5,5 Bedrooms Fully Detached Duplex with BQ for sale!,"N160,000,000"
297,"Behind Chevron Head Office Lekki, Chevron Drive, Lekki",4 4,Brand New 4 Bedroom Duplex With Driveway,"N85,000,000"
298,"Megamond Estate, Ikota, Lekki",3 3,3 Bedroom Terrace Duplex With Bq,"N50,000,000"
299,"Chevyview Estate, Chevron Drive, Lekki",5 5,Spacious 5 Bedroom Fully Detached Duplex with bq Available For sale,"N83,000,000"
